--------------
/* Tor Hagen */

    /* enable warnings! */

/*  TASK 00 */
select user(), current_date(), version(), @@sql_mode
--------------

*************************** 1. row ***************************
        user(): eliudnir@localhost
current_date(): 2015-05-06
     version(): 10.0.17-MariaDB-log
    @@sql_mode: 
1 row in set (0.00 sec)

--------------
/*  TASK 01 */
select OH.order_date,
count(OD.order_id) as NumberOrders,
sum(OD.quantity * OD.order_price) as AmntDue,
sum(OD.quantity) as NumbBooksPurch
from a_bkorders.order_headers OH
left join a_bkorders.order_details OD using (order_id)
where year(OH.order_date) = 2015
group by OH.order_date with rollup
--------------

+------------+--------------+----------+----------------+
| order_date | NumberOrders | AmntDue  | NumbBooksPurch |
+------------+--------------+----------+----------------+
| 2015-01-01 |            6 |  1301.25 |             43 |
| 2015-01-02 |            2 |  1290.49 |             51 |
| 2015-01-08 |           14 |  1114.43 |             46 |
| 2015-01-18 |            9 |  1419.89 |             41 |
| 2015-01-20 |            3 |    83.63 |              3 |
| 2015-02-01 |            2 |   177.97 |              3 |
| 2015-02-02 |            3 |  1479.72 |             34 |
| 2015-02-03 |            4 | 12930.75 |            391 |
| 2015-02-04 |            2 |    38.89 |              3 |
| 2015-02-05 |            2 |   928.49 |             51 |
| 2015-02-08 |            6 |  2689.01 |            112 |
| 2015-02-15 |            1 |    40.49 |              1 |
| 2015-03-01 |            1 |   165.00 |             11 |
| 2015-03-02 |            3 |  2107.45 |             45 |
| 2015-03-03 |            1 |  1250.00 |             50 |
| 2015-03-04 |            2 |  2749.50 |            100 |
| 2015-03-05 |            2 |   124.95 |              6 |
| 2015-03-06 |            2 |  1475.60 |             10 |
| 2015-03-08 |            3 |   806.00 |             28 |
| 2015-03-10 |            9 |  4308.40 |            154 |
| 2015-03-14 |            5 |   525.40 |             18 |
| 2015-03-15 |            4 |   297.19 |            102 |
| 2015-03-18 |            6 |  1455.24 |             48 |
| 2015-03-19 |            3 |    96.94 |              3 |
| 2015-03-20 |            4 |   996.68 |             25 |
| 2015-03-21 |            6 |  6096.15 |            157 |
| 2015-03-22 |           10 |  2726.29 |             88 |
| 2015-03-23 |            2 |    59.99 |              2 |
| 2015-03-24 |            1 |    45.00 |              1 |
| 2015-03-25 |            3 |   649.95 |             15 |
| 2015-03-26 |            3 |  4394.95 |            110 |
| 2015-03-27 |            5 |  6453.45 |            158 |
| 2015-03-28 |            5 | 22220.38 |            578 |
| 2015-03-29 |            2 |  2500.00 |            100 |
| 2015-03-30 |            1 |   225.00 |              5 |
| 2015-03-31 |           11 |  3100.26 |            109 |
| NULL       |          148 | 88324.78 |           2702 |
+------------+--------------+----------+----------------+
37 rows in set (0.00 sec)

--------------
/*  TASK 02 */
select coalesce(dataTbl.ordyear, 'Grand Total') as "Year",
case
  when dataTbl.ordyear is null then '...........'
	else coalesce(dataTbl.ordmnth, "Year Total")
end as "Month",
case
  when dataTbl.ordmnth is null then '...........'
	else coalesce(dataTbl.orderid, "Month Total")
end as "Order_ID",
dataTbl.amntdue as "AmntDue",
dataTbl.numbbookspurch as "NumbBooksPurch"
from (
	select year(OH.order_date) as ordyear,
	month(OH.order_date) as ordmnth,
	OH.order_id as orderid,
	sum(OD.quantity * OD.order_price) as amntdue,
	count(OD.quantity) as numbbookspurch
	from a_bkorders.order_headers OH
	left join a_bkorders.order_details OD using (order_id)
  where OH.order_date between '2014-10-01' and '2015-02-28'
	group by year(OH.order_date), month(OH.order_date), OH.order_id with rollup
) dataTbl
--------------

+-------------+-------------+-------------+----------+----------------+
| Year        | Month       | Order_ID    | AmntDue  | NumbBooksPurch |
+-------------+-------------+-------------+----------+----------------+
| 2014        | 11          | 1564        |  4745.00 |              3 |
| 2014        | 11          | 1800        |   221.70 |              2 |
| 2014        | 11          | 1801        |    50.90 |              2 |
| 2014        | 11          | 2001        |  1250.00 |              1 |
| 2014        | 11          | 2002        |   219.00 |              1 |
| 2014        | 11          | 2003        |    24.00 |              1 |
| 2014        | 11          | 30816       |  1250.00 |              1 |
| 2014        | 11          | 30820       |  1250.00 |              1 |
| 2014        | 11          | 30821       |    21.90 |              1 |
| 2014        | 11          | 30822       |   499.50 |              1 |
| 2014        | 11          | 30824       |  1300.00 |              2 |
| 2014        | 11          | 30825       |   181.96 |              1 |
| 2014        | 11          | 30826       |   560.00 |              1 |
| 2014        | 11          | 30833       |  1250.00 |              1 |
| 2014        | 11          | 30834       |    49.95 |              1 |
| 2014        | 11          | 30855       |  1000.00 |              1 |
| 2014        | 11          | 51840       |    24.00 |              1 |
| 2014        | 11          | 51841       |  1290.49 |              2 |
| 2014        | 11          | 51842       |   402.64 |              4 |
| 2014        | 11          | 51843       |    56.34 |              2 |
| 2014        | 11          | Month Total | 15647.38 |             30 |
| 2014        | 12          | 60002       |    50.90 |              2 |
| 2014        | 12          | 60005       | 21159.00 |              3 |
| 2014        | 12          | 60009       |  9879.95 |              5 |
| 2014        | 12          | 60011       |   195.45 |              3 |
| 2014        | 12          | 60012       |   137.45 |              2 |
| 2014        | 12          | 60018       |   123.95 |              3 |
| 2014        | 12          | 60019       |   564.95 |              3 |
| 2014        | 12          | 60025       |   199.95 |              1 |
| 2014        | 12          | 60027       |  2755.55 |              4 |
| 2014        | 12          | 60029       |   213.14 |              5 |
| 2014        | 12          | 60030       |   199.95 |              1 |
| 2014        | 12          | 60032       |  6948.40 |              7 |
| 2014        | 12          | 60039       |   845.49 |              4 |
| 2014        | 12          | Month Total | 43274.13 |             43 |
| 2014        | Year Total  | ........... | 58921.51 |             73 |
| 2015        | 1           | 1045        |    35.99 |              1 |
| 2015        | 1           | 1200        |  1383.90 |              8 |
| 2015        | 1           | 1205        |    27.29 |              1 |
| 2015        | 1           | 1212        |    56.34 |              2 |
| 2015        | 1           | 31840       |    24.00 |              1 |
| 2015        | 1           | 31841       |  1250.00 |              1 |
| 2015        | 1           | 31850       |    40.49 |              1 |
| 2015        | 1           | 51845       |  1277.25 |              5 |
| 2015        | 1           | 51846       |   642.68 |              5 |
| 2015        | 1           | 51857       |   185.12 |              4 |
| 2015        | 1           | 51858       |   116.70 |              2 |
| 2015        | 1           | 51859       |   113.94 |              2 |
| 2015        | 1           | 51860       |    55.99 |              1 |
| 2015        | 1           | Month Total |  5209.69 |             34 |
| 2015        | 2           | 1224        |   441.52 |              1 |
| 2015        | 2           | 1253        |    69.00 |              2 |
| 2015        | 2           | 31852       |    40.49 |              1 |
| 2015        | 2           | 31853       |   999.00 |              2 |
| 2015        | 2           | 31855       |    40.49 |              1 |
| 2015        | 2           | 31860       |    40.49 |              1 |
| 2015        | 2           | 51847       |    38.89 |              2 |
| 2015        | 2           | 51848       |   888.00 |              1 |
| 2015        | 2           | 51849       |  2138.00 |              2 |
| 2015        | 2           | 51861       |   177.97 |              2 |
| 2015        | 2           | 51862       |   480.72 |              1 |
| 2015        | 2           | 51863       |   837.90 |              1 |
| 2015        | 2           | 51864       | 12092.85 |              3 |
| 2015        | 2           | Month Total | 18285.32 |             20 |
| 2015        | Year Total  | ........... | 23495.01 |             54 |
| Grand Total | ........... | ........... | 82416.52 |            127 |
+-------------+-------------+-------------+----------+----------------+
66 rows in set (0.00 sec)

--------------
/*  TASK 03 */
select coalesce(dataTbl.ordyear, "Grand Total") as "",
"Yearly Total" as "",
dataTbl.numborders as "NumberOrders",
dataTbl.amntdue as "AmntDue",
dataTbl.numbbookspurch as "NumbBooksPurch"
from (
	select year(OH.order_date) as ordyear,
  count(OH.order_id) as numborders,
  sum(OD.quantity * OD.order_price) as amntdue,
  count(OD.quantity) as numbbookspurch
	from a_bkorders.order_headers OH
  left join a_bkorders.order_details OD using (order_id)
	group by year(OH.order_date) with rollup
) dataTbl
--------------

+-------------+--------------+--------------+-----------+----------------+
|             |              | NumberOrders | AmntDue   | NumbBooksPurch |
+-------------+--------------+--------------+-----------+----------------+
| 2013        | Yearly Total |           45 |  44508.48 |             43 |
| 2014        | Yearly Total |          295 | 201896.05 |            291 |
| 2015        | Yearly Total |          148 |  88324.78 |            148 |
| Grand Total | Yearly Total |          488 | 334729.31 |            482 |
+-------------+--------------+--------------+-----------+----------------+
4 rows in set (0.00 sec)

--------------
/*  TASK 04 */
select coalesce(dataTbl.authorid, "All Authors") as AuthorID,
coalesce(dataTbl.bookid, "All books") as BookID,
dataTbl.totalquant as TotalQuantity,
coalesce(dataTbl.totalsales, "No sales") as TotalSales
from (
	select AU.author_id as authorid,
	BO.book_id as bookid,
	coalesce(sum(OD.quantity), 0) as totalquant,
	sum(OD.order_price * OD.quantity) as totalsales
	from a_bkinfo.authors AU
	join a_bkinfo.book_authors BO using (author_id)
	left join a_bkorders.order_details OD using (book_id)
	group by AU.author_id, BO.book_id with rollup
) dataTbl
--------------

+-------------+-----------+---------------+------------+
| AuthorID    | BookID    | TotalQuantity | TotalSales |
+-------------+-----------+---------------+------------+
| A0094       | 1948      |            12 | 491.28     |
| A0094       | All books |            12 | 491.28     |
| A0110       | 1142      |           579 | 20160.60   |
| A0110       | All books |           579 | 20160.60   |
| A5748       | 1278      |             1 | 48.00      |
| A5748       | All books |             1 | 48.00      |
| A7745       | 1609      |             4 | 75.80      |
| A7745       | All books |             4 | 75.80      |
| B0056       | 1877      |             1 | 45.00      |
| B0056       | All books |             1 | 45.00      |
| B1112       | 2006      |            42 | 866.95     |
| B1112       | 2007      |            53 | 1916.98    |
| B1112       | All books |            95 | 2783.93    |
| B1144       | 1622      |             0 | No sales   |
| B1144       | All books |             0 | No sales   |
| B1244       | 1623      |             0 | No sales   |
| B1244       | All books |             0 | No sales   |
| B2010       | 1102      |             4 | 199.96     |
| B2010       | 1670      |            60 | 2400.00    |
| B2010       | 1689      |            13 | 717.47     |
| B2010       | All books |            77 | 3317.43    |
| B2078       | 2005      |            20 | 900.00     |
| B2078       | All books |            20 | 900.00     |
| C0030       | 1106      |           135 | 3896.50    |
| C0030       | 1107      |           103 | 2301.50    |
| C0030       | 1161      |           277 | 7745.00    |
| C0030       | 1162      |           200 | 6473.89    |
| C0030       | All books |           715 | 20416.89   |
| C0844       | 1401      |           641 | 34661.00   |
| C0844       | All books |           641 | 34661.00   |
| C5820       | 1478      |             5 | 225.00     |
| C5820       | All books |             5 | 225.00     |
| C8794       | 1948      |            12 | 491.28     |
| C8794       | All books |            12 | 491.28     |
| D0030       | 1109      |            53 | 1840.80    |
| D0030       | 1128      |          1332 | 53556.69   |
| D0030       | All books |          1385 | 55397.49   |
| D0050       | 1142      |           579 | 20160.60   |
| D0050       | All books |           579 | 20160.60   |
| D0845       | 2009      |            41 | 1359.21    |
| D0845       | All books |            41 | 1359.21    |
| D2110       | 1301      |            45 | 2047.50    |
| D2110       | 1304      |           116 | 5445.84    |
| D2110       | All books |           161 | 7493.34    |
| D2340       | 1128      |          1332 | 53556.69   |
| D2340       | All books |          1332 | 53556.69   |
| D3040       | 1101      |            64 | 3703.96    |
| D3040       | All books |            64 | 3703.96    |
| D6290       | 2025      |           560 | 21840.00   |
| D6290       | All books |           560 | 21840.00   |
| D8902       | 1182      |           142 | 6388.60    |
| D8902       | All books |           142 | 6388.60    |
| D8956       | 1175      |             3 | 114.89     |
| D8956       | 1184      |             1 | 49.99      |
| D8956       | All books |             4 | 164.88     |
| F2987       | 1185      |             1 | 49.99      |
| F2987       | All books |             1 | 49.99      |
| G4040       | 2009      |            41 | 1359.21    |
| G4040       | All books |            41 | 1359.21    |
| G4748       | 1537      |            88 | 1930.24    |
| G4748       | All books |            88 | 1930.24    |
| G5050       | 1200      |            21 | 344.30     |
| G5050       | 1234      |             0 | No sales   |
| G5050       | 1774      |             1 | 14.67      |
| G5050       | All books |            22 | 358.97     |
| G8495       | 1545      |             7 | 95.80      |
| G8495       | All books |             7 | 95.80      |
| H0187       | 1457      |            10 | 539.90     |
| H0187       | All books |            10 | 539.90     |
| H0202       | 1185      |             1 | 49.99      |
| H0202       | All books |             1 | 49.99      |
| H2987       | 2001      |           797 | 31294.57   |
| H2987       | All books |           797 | 31294.57   |
| H3145       | 1627      |             7 | 1080.57    |
| H3145       | 1628      |            23 | 754.55     |
| H3145       | 1629      |            56 | 1117.20    |
| H3145       | All books |            86 | 2952.32    |
| H8972       | 1278      |             1 | 48.00      |
| H8972       | All books |             1 | 48.00      |
| I0010       | 1109      |            53 | 1840.80    |
| I0010       | All books |            53 | 1840.80    |
| I5110       | 2031      |             0 | No sales   |
| I5110       | 2032      |             6 | 233.96     |
| I5110       | All books |             6 | 233.96     |
| J6700       | 1457      |            10 | 539.90     |
| J6700       | All books |            10 | 539.90     |
| J8845       | 1541      |             9 | 105.90     |
| J8845       | 1542      |             1 | 16.99      |
| J8845       | All books |            10 | 122.89     |
| K2002       | 2006      |            42 | 866.95     |
| K2002       | 2007      |            53 | 1916.98    |
| K2002       | All books |            95 | 2783.93    |
| K7620       | 1425      |            53 | 1486.58    |
| K7620       | 1448      |           997 | 25566.00   |
| K7620       | 1978      |            25 | 2372.00    |
| K7620       | All books |          1075 | 29424.58   |
| K7845       | 1279      |            12 | 472.38     |
| K7845       | All books |            12 | 472.38     |
| L0040       | 1128      |          1332 | 53556.69   |
| L0040       | All books |          1332 | 53556.69   |
| L0140       | 1108      |           942 | 28410.30   |
| L0140       | All books |           942 | 28410.30   |
| L0245       | 1894      |            24 | 844.48     |
| L0245       | All books |            24 | 844.48     |
| L0453       | 1188      |             1 | 49.99      |
| L0453       | All books |             1 | 49.99      |
| L2444       | 1877      |             1 | 45.00      |
| L2444       | All books |             1 | 45.00      |
| L3001       | 1401      |           641 | 34661.00   |
| L3001       | All books |           641 | 34661.00   |
| M0024       | 1609      |             4 | 75.80      |
| M0024       | All books |             4 | 75.80      |
| M0053       | 1105      |            80 | 4412.00    |
| M0053       | 1110      |             6 | 300.00     |
| M0053       | 1269      |             3 | 186.73     |
| M0053       | All books |            89 | 4898.73    |
| M0110       | 1108      |           942 | 28410.30   |
| M0110       | All books |           942 | 28410.30   |
| M0150       | 1128      |          1332 | 53556.69   |
| M0150       | All books |          1332 | 53556.69   |
| M0157       | 1457      |            10 | 539.90     |
| M0157       | 1678      |            10 | 499.90     |
| M0157       | All books |            20 | 1039.80    |
| M0295       | 1543      |            50 | 1250.00    |
| M0295       | 1544      |           100 | 1776.00    |
| M0295       | All books |           150 | 3026.00    |
| M2475       | 1624      |             0 | No sales   |
| M2475       | All books |             0 | No sales   |
| M3110       | 1302      |             0 | No sales   |
| M3110       | 1303      |             0 | No sales   |
| M3110       | All books |             0 | No sales   |
| M3145       | 1626      |             1 | 19.95      |
| M3145       | All books |             1 | 19.95      |
| M3200       | 1546      |            14 | 145.46     |
| M3200       | All books |            14 | 145.46     |
| M4540       | 2622      |             0 | No sales   |
| M4540       | 2623      |             0 | No sales   |
| M4540       | All books |             0 | No sales   |
| N6457       | 1835      |             1 | 45.99      |
| N6457       | All books |             1 | 45.99      |
| O0345       | 2003      |             0 | No sales   |
| O0345       | All books |             0 | No sales   |
| O0346       | 2003      |             0 | No sales   |
| O0346       | All books |             0 | No sales   |
| P0500       | 1279      |            12 | 472.38     |
| P0500       | All books |            12 | 472.38     |
| P2308       | 2002      |            27 | 955.00     |
| P2308       | All books |            27 | 955.00     |
| P6030       | 2018      |             2 | 99.98      |
| P6030       | All books |             2 | 99.98      |
| P7477       | 1525      |             0 | No sales   |
| P7477       | All books |             0 | No sales   |
| R0040       | 1457      |            10 | 539.90     |
| R0040       | All books |            10 | 539.90     |
| R0700       | 2025      |           560 | 21840.00   |
| R0700       | All books |           560 | 21840.00   |
| R2040       | 1102      |             4 | 199.96     |
| R2040       | 1670      |            60 | 2400.00    |
| R2040       | All books |            64 | 2599.96    |
| R5808       | 1602      |           995 | 2140.75    |
| R5808       | All books |           995 | 2140.75    |
| R5858       | 1357      |            54 | 1393.60    |
| R5858       | All books |            54 | 1393.60    |
| S0025       | 1104      |           133 | 5985.00    |
| S0025       | All books |           133 | 5985.00    |
| S0205       | 2008      |           108 | 4750.45    |
| S0205       | All books |           108 | 4750.45    |
| S1164       | 1180      |            12 | 556.88     |
| S1164       | All books |            12 | 556.88     |
| S1900       | 1877      |             1 | 45.00      |
| S1900       | All books |             1 | 45.00      |
| S2144       | 1623      |             0 | No sales   |
| S2144       | All books |             0 | No sales   |
| S2145       | 1623      |             0 | No sales   |
| S2145       | All books |             0 | No sales   |
| S2178       | 2006      |            42 | 866.95     |
| S2178       | 2007      |            53 | 1916.98    |
| S2178       | All books |            95 | 2783.93    |
| S2183       | 2005      |            20 | 900.00     |
| S2183       | All books |            20 | 900.00     |
| S2548       | 1677      |             1 | 70.00      |
| S2548       | All books |             1 | 70.00      |
| S2789       | 2004      |             1 | 49.95      |
| S2789       | All books |             1 | 49.95      |
| S3110       | 1305      |           948 | 5672.00    |
| S3110       | 1306      |            15 | 3751.80    |
| S3110       | All books |           963 | 9423.80    |
| T6748       | 1877      |             1 | 45.00      |
| T6748       | All books |             1 | 45.00      |
| T6789       | 1979      |             1 | 53.99      |
| T6789       | All books |             1 | 53.99      |
| V1144       | 1621      |             0 | No sales   |
| V1144       | All books |             0 | No sales   |
| W0030       | 1133      |            18 | 332.10     |
| W0030       | All books |            18 | 332.10     |
| W0060       | 1109      |            53 | 1840.80    |
| W0060       | All books |            53 | 1840.80    |
| W0078       | 1258      |             8 | 361.92     |
| W0078       | All books |             8 | 361.92     |
| W2388       | 1677      |             1 | 70.00      |
| W2388       | All books |             1 | 70.00      |
| W3145       | 1627      |             7 | 1080.57    |
| W3145       | 1628      |            23 | 754.55     |
| W3145       | 1629      |            56 | 1117.20    |
| W3145       | 1630      |             0 | No sales   |
| W3145       | All books |            86 | 2952.32    |
| W3433       | 1619      |           114 | 3137.88    |
| W3433       | All books |           114 | 3137.88    |
| W4512       | 2027      |             0 | No sales   |
| W4512       | All books |             0 | No sales   |
| W5145       | 1625      |             1 | 4.00       |
| W5145       | All books |             1 | 4.00       |
| Z0878       | 1877      |             1 | 45.00      |
| Z0878       | All books |             1 | 45.00      |
| Z0897       | 1877      |             1 | 45.00      |
| Z0897       | All books |             1 | 45.00      |
| All Authors | All books |         17582 | 600059.18  |
+-------------+-----------+---------------+------------+
217 rows in set (0.00 sec)

--------------
/*  TASK 05 */
select BO1.book_id as Book_ID,
BO1.page_count as Page_count,
(
	select count(distinct floor(page_count / 150))
  from a_bkinfo.books BO2
  where floor(BO2.page_count / 150) >= floor(BO1.page_count / 150)
  and BO2.book_id <= 1500
) as "Rank"
from a_bkinfo.books BO1
where BO1.page_count is not null
and BO1.book_id <= 1500
order by rank, BO1.page_count desc
--------------

+---------+------------+------+
| Book_ID | Page_count | Rank |
+---------+------------+------+
|    1448 |       3192 |    1 |
|    1306 |       2895 |    2 |
|    1401 |        976 |    3 |
|    1182 |        918 |    3 |
|    1142 |        879 |    4 |
|    1269 |        848 |    4 |
|    1161 |        780 |    4 |
|    1108 |        680 |    5 |
|    1184 |        650 |    5 |
|    1109 |        650 |    5 |
|    1104 |        604 |    5 |
|    1185 |        595 |    6 |
|    1175 |        538 |    6 |
|    1110 |        520 |    6 |
|    1258 |        500 |    6 |
|    1200 |        488 |    6 |
|    1245 |        488 |    6 |
|    1425 |        468 |    6 |
|    1105 |        450 |    6 |
|    1234 |        416 |    7 |
|    1278 |        408 |    7 |
|    1077 |        401 |    7 |
|    1180 |        400 |    7 |
|    1478 |        368 |    7 |
|    1162 |        350 |    7 |
|    1279 |        336 |    7 |
|    1107 |        325 |    7 |
|    1101 |        300 |    7 |
|    1457 |        300 |    7 |
|    1304 |        300 |    7 |
|    1128 |        275 |    8 |
|    1102 |        250 |    8 |
|    1106 |        250 |    8 |
|    1357 |        240 |    8 |
|    1103 |        125 |    9 |
|    1483 |        125 |    9 |
|    1133 |        125 |    9 |
|    1188 |        105 |    9 |
|    1305 |        100 |    9 |
|    1199 |         98 |    9 |
|    1301 |          0 |    9 |
+---------+------------+------+
41 rows in set (0.01 sec)

--------------
/*  TASK 06 */
select distinct tbl.semesterdate as OrderDate,
coalesce(sls.quantity, 0) as QuantityOrdered,
coalesce(sls.totalsales, 0.00) as TotalSales
from (
	select semesterdate
	from (
		select numvalue, adddate('2014-03-01', numvalue
	) as semesterdate
	from (
		select b1.val + b2.val + b4.val + b8.val + b16.val
		+ b32.val + b64.val + b128.val as numvalue
		from (
			select 0 val union all select 1) b1 cross join
			( select 0 val union all select 2) b2 cross join
			( select 0 val union all select 4) b4 cross join
			( select 0 val union all select 8) b8 cross join
			( select 0 val union all select 16) b16 cross join
			( select 0 val union all select 32) b32 cross join
			( select 0 val union all select 64) b64 cross join
			( select 0 val union all select 128) b128
		) as gennum
	) as calendar
	where semesterdate between '2014-03-01' and '2014-03-31'
) tbl
left join (
	select OH.order_date,
  sum(OD.quantity) as quantity,
  sum(OD.quantity * OD.order_price) as totalsales
	from a_bkorders.order_headers OH
  left join a_bkorders.order_details OD using (order_id)
  group by OH.order_date
) sls on (tbl.semesterdate = sls.order_date)
order by OrderDate
--------------

+------------+-----------------+------------+
| OrderDate  | QuantityOrdered | TotalSales |
+------------+-----------------+------------+
| 2014-03-01 |               2 |      24.00 |
| 2014-03-02 |              51 |    1290.49 |
| 2014-03-03 |              50 |    1250.00 |
| 2014-03-04 |               6 |     180.00 |
| 2014-03-05 |               0 |       0.00 |
| 2014-03-06 |               0 |       0.00 |
| 2014-03-07 |               0 |       0.00 |
| 2014-03-08 |              37 |    1288.01 |
| 2014-03-09 |               0 |       0.00 |
| 2014-03-10 |               0 |       0.00 |
| 2014-03-11 |               0 |       0.00 |
| 2014-03-12 |              10 |     398.32 |
| 2014-03-13 |               4 |     103.90 |
| 2014-03-14 |               0 |       0.00 |
| 2014-03-15 |               0 |       0.00 |
| 2014-03-16 |               0 |       0.00 |
| 2014-03-17 |               0 |       0.00 |
| 2014-03-18 |               0 |       0.00 |
| 2014-03-19 |               0 |       0.00 |
| 2014-03-20 |             149 |    6794.00 |
| 2014-03-21 |              20 |     519.50 |
| 2014-03-22 |               6 |     394.95 |
| 2014-03-23 |             409 |    1593.00 |
| 2014-03-24 |               3 |      61.89 |
| 2014-03-25 |               2 |     180.00 |
| 2014-03-26 |               3 |      55.95 |
| 2014-03-27 |               0 |       0.00 |
| 2014-03-28 |               0 |       0.00 |
| 2014-03-29 |               0 |       0.00 |
| 2014-03-30 |               0 |       0.00 |
| 2014-03-31 |               0 |       0.00 |
+------------+-----------------+------------+
31 rows in set (0.00 sec)

--------------
/*  TASK 07 */

/*  TASK 08 */

/*  TASK 09 */

/*  TASK 10 */
--------------

Query OK, 0 rows affected (0.00 sec)

Bye
