--------------
/* Tor Hagen */

    /* enable warnings! */

use a_bkorders
--------------

Query OK, 0 rows affected (0.00 sec)

--------------
/*  TASK 00 */
select user(), current_date(), version(), @@sql_mode
--------------

*************************** 1. row ***************************
        user(): eliudnir@localhost
current_date(): 2015-04-05
     version(): 10.0.17-MariaDB-log
    @@sql_mode: 
1 row in set (0.00 sec)

--------------
/*  TASK 01 */
select BO.book_id, BO.title
from a_bkinfo.books BO
where BO.book_id in (
  select BT.book_id
  from a_bkinfo.book_topics BT
  where BT.topic_id in ("SQL", "DB")
)
and BO.book_id in (
  select OD.book_id
  from a_bkorders.order_details OD
)
order by BO.book_id
--------------

+---------+-----------------------------------------+
| book_id | title                                   |
+---------+-----------------------------------------+
|    1105 | SQL:1999 Relational Language Concepts   |
|    1106 | SQL for Smarties                        |
|    1107 | SQL Puzzles and Answers                 |
|    1108 | Database Systems                        |
|    1109 | Intro to DB Systems-7th Ed              |
|    1110 | Adv SQL:1999 Object_Relational Features |
|    1128 | Temporal Data and the Relational Model  |
|    1142 | Relational Database Theory              |
|    1161 | SQL Programming Style                   |
|    1162 | Trees and Hierarchies                   |
|    1175 | MySQL in a Nutshell                     |
|    1180 | MySQL Database Design and Tuning        |
|    1182 | MySQL Cookbook                          |
|    1184 | MySQL Developer's Library               |
|    1185 | MySQL Stored Procedures                 |
|    1188 | SQL for MySQL Developers                |
|    1278 | Beginning VB 2008 Databases             |
|    1306 | Myths of SQL                            |
|    1483 | Programming with XML                    |
|    2002 | SQL Server 2005 A Beginner's Guide      |
|    2004 | SQL Server 2005 Stored Procedure Prg    |
|    2005 | Developer's Guide to SQL Server 2005    |
|    2006 | T_SQL Programming (Inside series)       |
|    2007 | T_SQL Querying (Inside series)          |
|    2008 | SQL Server 2005 T_Sql Recipies          |
|    2009 | SQL Server 2005 Express Edition         |
|    2018 | Oracle Database 11g SQL                 |
|    2025 | Oracle SQL Fundamentals I Exam Guide    |
|    2032 | Oracle and the rest of the world        |
+---------+-----------------------------------------+
29 rows in set (0.00 sec)

--------------
/*  TASK 02 */
select BO.book_id, BO.title
from a_bkinfo.books BO
where BO.book_id in (
  select OD.book_id
  from a_bkorders.order_details OD
)
and BO.book_id in (
  select BTdb.book_id
  from a_bkinfo.book_topics BTdb
  where BTdb.topic_id = "DB"
)
and BO.book_id in (
  select BTmany.book_id
  from a_bkinfo.book_topics BTmany
  group by BTmany.book_id
  having count(BTmany.topic_id) > 1
)
order by BO.book_id
--------------

+---------+-----------------------------------------+
| book_id | title                                   |
+---------+-----------------------------------------+
|    1105 | SQL:1999 Relational Language Concepts   |
|    1110 | Adv SQL:1999 Object_Relational Features |
|    1128 | Temporal Data and the Relational Model  |
|    1180 | MySQL Database Design and Tuning        |
|    1278 | Beginning VB 2008 Databases             |
|    2032 | Oracle and the rest of the world        |
+---------+-----------------------------------------+
6 rows in set (0.00 sec)

--------------
/*  TASK 03 */
select BO.book_id, BO.title
from a_bkinfo.books BO
where BO.book_id in (
  select OD.book_id
  from a_bkorders.order_details OD
)
and BO.book_id in (
  select BTsql.book_id
  from a_bkinfo.book_topics BTsql
  where BTsql.topic_id = "SQL"
)
and BO.book_id not in (
  select BTdb.book_id
  from a_bkinfo.book_topics BTdb
  where BTdb.topic_id = "DB"
)
--------------

+---------+--------------------------------------+
| book_id | title                                |
+---------+--------------------------------------+
|    1106 | SQL for Smarties                     |
|    1107 | SQL Puzzles and Answers              |
|    1161 | SQL Programming Style                |
|    1162 | Trees and Hierarchies                |
|    1175 | MySQL in a Nutshell                  |
|    1182 | MySQL Cookbook                       |
|    1184 | MySQL Developer's Library            |
|    1185 | MySQL Stored Procedures              |
|    1188 | SQL for MySQL Developers             |
|    1306 | Myths of SQL                         |
|    1483 | Programming with XML                 |
|    2002 | SQL Server 2005 A Beginner's Guide   |
|    2004 | SQL Server 2005 Stored Procedure Prg |
|    2005 | Developer's Guide to SQL Server 2005 |
|    2006 | T_SQL Programming (Inside series)    |
|    2007 | T_SQL Querying (Inside series)       |
|    2008 | SQL Server 2005 T_Sql Recipies       |
|    2009 | SQL Server 2005 Express Edition      |
|    2018 | Oracle Database 11g SQL              |
|    2025 | Oracle SQL Fundamentals I Exam Guide |
+---------+--------------------------------------+
20 rows in set (0.01 sec)

--------------
/*  TASK 04 */
select BO.book_id, BO.title, BO.year_publd
from a_bkinfo.books BO
where BO.book_id in (
  select ODextid.book_id
  from a_bkorders.order_details ODextid
  group by ODextid.book_id
  having sum(ODextid.quantity * ODextid.order_price) >= all (
    select sum(ODextall.quantity * ODextall.order_price)
    from a_bkorders.order_details ODextall
    group by ODextall.book_id
  )
)
--------------

+---------+----------------------------------------+------------+
| book_id | title                                  | year_publd |
+---------+----------------------------------------+------------+
|    1128 | Temporal Data and the Relational Model |       2003 |
+---------+----------------------------------------+------------+
1 row in set (0.00 sec)

--------------
/*  TASK 05 */
select concat_ws(" quarter ", year(OH.order_date), quarter(OH.order_date)) as "Low Order Quarter"
from a_bkorders.order_headers OH
group by year(OH.order_date), quarter(OH.order_date)
having count(*) <= all (
  select count(*)
  from a_bkorders.order_headers OHquartcnt
  group by year(OHquartcnt.order_date), quarter(OHquartcnt.order_date)
)
--------------

+-------------------+
| Low Order Quarter |
+-------------------+
| 2013 quarter 4    |
+-------------------+
1 row in set (0.00 sec)

--------------
/*  TASK 06 */
select CU.cust_id, CU.cust_name_last
from a_bkorders.customers CU
where CU.cust_id in (
  select OH.cust_id
  from a_bkorders.order_headers OH
  where year(OH.order_date) = year(current_date()) -1
  group by OH.cust_id
  having count(OH.order_date) between 3 and 5
)
order by CU.cust_id
--------------

+---------+----------------+
| cust_id | cust_name_last |
+---------+----------------+
|  200368 | Blake          |
|  211483 | Carroll        |
|  212921 | Books on Tap   |
|  217796 | Anders         |
|  226656 | Randall        |
|  234138 | Keats          |
|  239427 | Marksa         |
|  263119 | Jones          |
+---------+----------------+
8 rows in set (0.00 sec)

--------------
/*  TASK 07 */
select BO.book_id, BO.title
from a_bkinfo.books BO
where BO.book_id in (
  select OD.book_id
  from a_bkorders.order_details OD
  group by OD.book_id
  having sum(OD.quantity) > 500
)
order by BO.book_id
--------------

+---------+------------------------------------------------+
| book_id | title                                          |
+---------+------------------------------------------------+
|    1103 | Selected Poems                                 |
|    1108 | Database Systems                               |
|    1128 | Temporal Data and the Relational Model         |
|    1142 | Relational Database Theory                     |
|    1305 | Journeys Through Flatland                      |
|    1401 | Visual Studio Tools for Office                 |
|    1448 | Backyard Birdsong Guide: Western North America |
|    1602 | Goblin Market and Other Poems                  |
|    2001 | Programming SQL Server 2005                    |
|    2025 | Oracle SQL Fundamentals I Exam Guide           |
+---------+------------------------------------------------+
10 rows in set (0.00 sec)

--------------
/*  TASK 08 */
select BO.book_id, BO.title, BO.list_price
from a_bkinfo.books BO
where BO.list_price > all (
  select pr_filt.list_price
  from a_bkinfo.books pr_filt
  where pr_filt.book_id in (
    select BTdb.book_id
    from a_bkinfo.book_topics BTdb
    where BTdb.topic_id = "DB"
  )
)
order by BO.book_id
--------------

+---------+--------------------------------------+------------+
| book_id | title                                | list_price |
+---------+--------------------------------------+------------+
|    1306 | Myths of SQL                         |     259.99 |
|    1623 | Lichens of North America             |     135.00 |
|    1627 | The Ants                             |     120.18 |
|    1978 | Acoustic Communication in Birds Vol1 |     103.91 |
|    2031 | Comparative SQL                      |      99.99 |
+---------+--------------------------------------+------------+
5 rows in set (0.00 sec)

--------------
/*  TASK 09 */

/*  TASK 10 */
--------------

Query OK, 0 rows affected (0.00 sec)

Bye
